Title,URI,PublicLink,Status
planeshifter_13,/videos/1147552022,https://vimeo.com/1147552022,in_progress
planeshifter_12,/videos/1147552003,https://vimeo.com/1147552003,complete
planeshifter_11,/videos/1147551992,https://vimeo.com/1147551992,in_progress
planeshifter_10,/videos/1147551973,https://vimeo.com/1147551973,in_progress
planeshifter_09,/videos/1147551964,https://vimeo.com/1147551964,complete
planeshifter_08,/videos/1147551951,https://vimeo.com/1147551951,in_progress
planeshifter_07,/videos/1147551939,https://vimeo.com/1147551939,complete
planeshifter_06,/videos/1147551928,https://vimeo.com/1147551928,complete
planeshifter_05,/videos/1147551921,https://vimeo.com/1147551921,complete
planeshifter_04,/videos/1147551906,https://vimeo.com/1147551906,in_progress
planeshifter_03,/videos/1147551897,https://vimeo.com/1147551897,in_progress
planeshifter_02,/videos/1147551888,https://vimeo.com/1147551888,complete
planeshifter_01,/videos/1147551880,https://vimeo.com/1147551880,complete
